,MKT_RF,SMB,HML,RMW,CMA
MKT_RF,1.000000,0.115101,-0.620133,-0.179595,-0.084294
SMB,0.115101,1.000000,-0.034338,-0.031433,-0.634122
HML,-0.620133,-0.034338,1.000000,0.258745,0.094189
RMW,-0.179595,-0.031433,0.258745,1.000000,-0.208399
CMA,-0.084294,-0.634122,0.094189,-0.208399,1.000000
