factor,r_squared,vif
MKT_RF,0.395265,1.653618
SMB,0.444484,1.800127
HML,0.427139,1.745624
RMW,0.170429,1.205442
CMA,0.474164,1.901732
