,MKT_RF,SMB,HML,RMW,CMA,WML
MKT_RF,1.000000,-0.162497,-0.398579,-0.179595,-0.023749,0.269242
SMB,-0.162497,1.000000,0.219732,-0.031433,0.242469,-0.494673
HML,-0.398579,0.219732,1.000000,0.258745,0.328005,-0.657314
RMW,-0.179595,-0.031433,0.258745,1.000000,-0.208399,-0.555787
CMA,-0.023749,0.242469,0.328005,-0.208399,1.000000,-0.155065
WML,0.269242,-0.494673,-0.657314,-0.555787,-0.155065,1.000000
