Model,GRS_stat,p_value,avg_alpha,alpha_sig_rate
FF3,,,-0.009056696631677885,0.21212121212121213
FF5,,,-0.0012855346931155496,0.34545454545454546
FF6,,,0.0005469537373658207,0.34545454545454546
