mean,std,skew,kurtosis
0.08003073362388334,0.06329821781946601,0.9430950434965011,0.7871000674292832
