{
  "label": "MOM_EQ",
  "n_obs": 299,
  "r_squared": 0.9606971608079944,
  "alpha": -0.0013556466978144144,
  "alpha_t": -2.742310947722711,
  "mom_coef": -0.12647334029895205,
  "mom_t": -4.07044602905953
}