{
  "label": "mom_w78_s4",
  "n_obs": 301,
  "r_squared": 0.9573098996404856,
  "alpha": -0.0008771627709942948,
  "alpha_t": -1.685901961261328,
  "mom_coef": -0.02872995772605423,
  "mom_t": -2.286902843401016
}