{
  "label": "mom_w26_s4",
  "n_obs": 301,
  "r_squared": 0.9593963933891156,
  "alpha": -0.0009556349535400905,
  "alpha_t": -1.8724958248384114,
  "mom_coef": -0.06540538971495867,
  "mom_t": -3.493468660863358
}