{
  "label": "mom_w16_s2",
  "n_obs": 297,
  "r_squared": 0.9597063724238489,
  "alpha": -0.0009181610506652012,
  "alpha_t": -1.848436408695335,
  "mom_coef": -0.07971909136924252,
  "mom_t": -4.594424233381775
}