term,coef,tvalue,pvalue
const,-0.0013556466978144144,-2.742310947722711,0.00610085577060267
MKT_RF,1.0504777640752023,57.19008512043066,0.0
SMB,0.11359293231147155,10.837113807679318,2.2960055939137704e-27
HML,0.06797312740424859,5.093444513320734,3.5161598920875294e-07
RMW,0.015627399260011634,1.5654957554847264,0.11746671184454971
CMA,-0.005039530072030935,-0.5323222709096673,0.5945028099663281
MOM_EQ,-0.12647334029895205,-4.07044602905953,4.6923211435285104e-05
