{
  "label": "mom_w4_s1",
  "n_obs": 300,
  "r_squared": 0.9562967179279389,
  "alpha": -0.0008271556555463349,
  "alpha_t": -1.5690446685720512,
  "mom_coef": -0.04326604334930399,
  "mom_t": -1.8812986174905382
}