{
  "label": "mom_w8_s1",
  "n_obs": 298,
  "r_squared": 0.9565246416635118,
  "alpha": -0.0009177198710415116,
  "alpha_t": -1.7704815015764273,
  "mom_coef": -0.06771191556218395,
  "mom_t": -3.122617840683077
}