{
  "label": "MOM_EQ",
  "n_obs": 301,
  "r_squared": 0.9591672808508623,
  "alpha": -0.0010976409202842895,
  "alpha_t": -2.1642047453456783,
  "mom_coef": -0.06596749813042292,
  "mom_t": -2.967162133312607
}