{
  "label": "mom_w52_s4",
  "n_obs": 301,
  "r_squared": 0.9580174578207191,
  "alpha": -0.0009371517972457888,
  "alpha_t": -1.8632689582844244,
  "mom_coef": -0.03894862211835795,
  "mom_t": -2.2594160655531383
}