term,coef,tvalue,pvalue
const,-6.284051859411705e-05,-0.3290001571805009,0.7421555692287927
MKT_RF,1.0086164019186723,194.4711299415449,0.0
SMB,0.5236527163785912,50.039950821518545,0.0
HML,-0.004556958326957775,-0.45856076066541496,0.6465496202347507
RMW,0.008280402030665887,1.7417434034780783,0.0815533540163976
CMA,0.01693594929438713,1.916674055044121,0.055279353356912295
