{
  "label": "regression_f5_mom",
  "n_obs": 301,
  "r_squared": 0.9561847787493731,
  "r_squared_adj": 0.9552905905605849
}