{
  "label": "regression_f5",
  "n_obs": 301,
  "r_squared": 0.9954178183869851,
  "r_squared_adj": 0.9953401542918492
}