term,coef,tvalue,pvalue
const,-0.0001281847370378423,-0.6512462892845835,0.5148875138240292
MKT_RF,1.007941508012482,191.43123795561,0.0
SMB,0.5177358754010413,54.253334043389714,0.0
HML,-0.007341670304356221,-0.657385828417132,0.5109328615520056
RMW,0.009397210078483315,2.0710384978001994,0.03835519851929038
CMA,0.012720774131212398,1.3601246029216572,0.1737904966927153
MOM,-0.01231411080539065,-1.4720181705915856,0.14101597084592532
