{
  "label": "regression_f5_mom",
  "n_obs": 301,
  "r_squared": 0.9955121470472479,
  "r_squared_adj": 0.9954205582114775
}