{
  "label": "regression_f5",
  "n_obs": 301,
  "r_squared": 0.9561743423346281,
  "r_squared_adj": 0.9554315345775879
}